Customer_ID,Customer_name,Industry
C001,Customer001,A
C002,Customer002,B
C003,Customer003,C
C004,Customer004,D
C005,Customer005,C
C006,Customer006,E
C007,Customer007,E
C008,Customer008,D
C009,Customer009,F
C010,Customer010,G
C011,Customer011,D
C012,Customer012,E
C013,Customer013,F
C014,Customer014,D
C015,Customer015,H
C016,Customer016,D
C017,Customer017,D
C018,Customer018,I
C019,Customer019,I
C020,Customer020,J
C021,Customer021,K
C022,Customer022,L
C023,Customer023,B
C024,Customer024,M
C025,Customer025,G
C026,Customer026,N
C027,Customer027,O
C028,Customer028,L
C029,Customer029,F
C030,Customer030,E
C031,Customer031,P
C032,Customer032,P
C033,Customer033,E
C034,Customer034,E
C035,Customer035,E
C036,Customer036,D
C037,Customer037,Q
C038,Customer038,L
C039,Customer039,L
C040,Customer040,E
C041,Customer041,D
C042,Customer042,A
C043,Customer043,N
C044,Customer044,D
C045,Customer045,E
C046,Customer046,B
C047,Customer047,H
C048,Customer048,A
C049,Customer049,O
C050,Customer050,D
C051,Customer051,K
C052,Customer052,L
C053,Customer053,N
C054,Customer054,J
C055,Customer055,E
C056,Customer056,A
C057,Customer057,D
C058,Customer058,R
C059,Customer059,F
C060,Customer060,P
C061,Customer061,N
C062,Customer062,F
C063,Customer063,D
C064,Customer064,S
C065,Customer065,P
C066,Customer066,S
C067,Customer067,D
C068,Customer068,B
C069,Customer069,E
C070,Customer070,H
C071,Customer071,J
C072,Customer072,I
C073,Customer073,S
C074,Customer074,J
C075,Customer075,E
C076,Customer076,A
C077,Customer077,T
C078,Customer078,U
C079,Customer079,E
C080,Customer080,E
C081,Customer081,L
C082,Customer082,L
C083,Customer083,A
C084,Customer084,D
C085,Customer085,E
C086,Customer086,U
C087,Customer087,U
C088,Customer088,U
C089,Customer089,A
C090,Customer090,K
C091,Customer091,J
C092,Customer092,J
C093,Customer093,I
C094,Customer094,B
C095,Customer095,A
C096,Customer096,P
C097,Customer097,J
C098,Customer098,G
C099,Customer099,A
C100,Customer100,E
C101,Customer101,E
C102,Customer102,E
C103,Customer103,E
C104,Customer104,E
C105,Customer105,K
C106,Customer106,F
C107,Customer107,F
C108,Customer108,F
C109,Customer109,P
C110,Customer110,E
C111,Customer111,E
C112,Customer112,G
C113,Customer113,E
C114,Customer114,E
C115,Customer115,R
C116,Customer116,E
C117,Customer117,A
C118,Customer118,F
C119,Customer119,P
C120,Customer120,P
C121,Customer121,F
C122,Customer122,F
C123,Customer123,B
C124,Customer124,F
C125,Customer125,D
C126,Customer126,E
C127,Customer127,A
C128,Customer128,E
C129,Customer129,E
C130,Customer130,E
C131,Customer131,F
C132,Customer132,B
C133,Customer133,J
C134,Customer134,E
C135,Customer135,D
C136,Customer136,E
C137,Customer137,B
C138,Customer138,I
C139,Customer139,E
C140,Customer140,S
C141,Customer141,E
C142,Customer142,E
C143,Customer143,P
C144,Customer144,A
C145,Customer145,P
C146,Customer146,D
C147,Customer147,L
C148,Customer148,F
C149,Customer149,E
C150,Customer150,F
C151,Customer151,B
C152,Customer152,F
C153,Customer153,E
C154,Customer154,L
C155,Customer155,F
C156,Customer156,E
C157,Customer157,E
C158,Customer158,D
C159,Customer159,F
C160,Customer160,A
C161,Customer161,F
C162,Customer162,P
C163,Customer163,A
C164,Customer164,L
C165,Customer165,N
C166,Customer166,E
C167,Customer167,E
C168,Customer168,G
C169,Customer169,P
C170,Customer170,E
C171,Customer171,A
C172,Customer172,A
C173,Customer173,J
C174,Customer174,A
C175,Customer175,B
C176,Customer176,B
C177,Customer177,B
C178,Customer178,C
C179,Customer179,A
C180,Customer180,G
C181,Customer181,S
C182,Customer182,S
C183,Customer183,A
C184,Customer184,V
C185,Customer185,D
C186,Customer186,D
C187,Customer187,F
C188,Customer188,E
C189,Customer189,N
C190,Customer190,E
C191,Customer191,C
C192,Customer192,B
C193,Customer193,G
C194,Customer194,C
C195,Customer195,D
C196,Customer196,D
C197,Customer197,L
C198,Customer198,I
C199,Customer199,F
C200,Customer200,P
C201,Customer201,P
C202,Customer202,P
C203,Customer203,E
C204,Customer204,B
C205,Customer205,F
C206,Customer206,E
C207,Customer207,A
C208,Customer208,F
C209,Customer209,F
C210,Customer210,L
C211,Customer211,F
C212,Customer212,S
C213,Customer213,L
C214,Customer214,D
C215,Customer215,B
C216,Customer216,A
C217,Customer217,A
C218,Customer218,E
C219,Customer219,J
C220,Customer220,P
C221,Customer221,E
C222,Customer222,S
C223,Customer223,F
C224,Customer224,I
C225,Customer225,A
C226,Customer226,A
C227,Customer227,A
C228,Customer228,D
C229,Customer229,A
C230,Customer230,E
C231,Customer231,E
C232,Customer232,J
C233,Customer233,E
C234,Customer234,D
C235,Customer235,E
C236,Customer236,D
C237,Customer237,B
C238,Customer238,G
C239,Customer239,D
C240,Customer240,K
C241,Customer241,J
C242,Customer242,A
C243,Customer243,E
C244,Customer244,W
C245,Customer245,A
C246,Customer246,E
C247,Customer247,F
C248,Customer248,C
C249,Customer249,N
C250,Customer250,D
C251,Customer251,N
C252,Customer252,B
C253,Customer253,E
C254,Customer254,E
C255,Customer255,G
C256,Customer256,J
C257,Customer257,C
C258,Customer258,B
C259,Customer259,A
C260,Customer260,E
C261,Customer261,F
C262,Customer262,I
C263,Customer263,E
C264,Customer264,D
C265,Customer265,B
C266,Customer266,T
C267,Customer267,D
C268,Customer268,N
C269,Customer269,E
C270,Customer270,F
C271,Customer271,E
C272,Customer272,L
C273,Customer273,B
C274,Customer274,E
C275,Customer275,D
C276,Customer276,E
C277,Customer277,S
C278,Customer278,I
C279,Customer279,E
C280,Customer280,B
C281,Customer281,F
C282,Customer282,J
C283,Customer283,G
C284,Customer284,F
C285,Customer285,E
C286,Customer286,F
C287,Customer287,H
C288,Customer288,C
C289,Customer289,B
C290,Customer290,B
C291,Customer291,E
C292,Customer292,G
C293,Customer293,N
C294,Customer294,E
C295,Customer295,H
C296,Customer296,P
C297,Customer297,F
C298,Customer298,H
C299,Customer299,A
C300,Customer300,N
C301,Customer301,B
C302,Customer302,L
C303,Customer303,A
C304,Customer304,A
C305,Customer305,B
C306,Customer306,F
C307,Customer307,D
C308,Customer308,D
C309,Customer309,F
C310,Customer310,K
C311,Customer311,A
C312,Customer312,B
C313,Customer313,P
C314,Customer314,G
C315,Customer315,E
C316,Customer316,D
C317,Customer317,A
C318,Customer318,A
C319,Customer319,S
C320,Customer320,G
C321,Customer321,D
C322,Customer322,D
C323,Customer323,K
C324,Customer324,E
C325,Customer325,C
C326,Customer326,S
C327,Customer327,E
C328,Customer328,G
C329,Customer329,P
C330,Customer330,I
C331,Customer331,F
C332,Customer332,W
C333,Customer333,D
C334,Customer334,D
C335,Customer335,C
C336,Customer336,P
C337,Customer337,L
C338,Customer338,W
C339,Customer339,W
C340,Customer340,F
C341,Customer341,J
C342,Customer342,F
C343,Customer343,E
C344,Customer344,A
C345,Customer345,A
C346,Customer346,H
C347,Customer347,F
C348,Customer348,E
C349,Customer349,N
C350,Customer350,K
C351,Customer351,B
C352,Customer352,A
C353,Customer353,E
C354,Customer354,K
C355,Customer355,J
C356,Customer356,G
C357,Customer357,B
C358,Customer358,H
C359,Customer359,E
C360,Customer360,A
C361,Customer361,P
C362,Customer362,F
C363,Customer363,R
C364,Customer364,A
C365,Customer365,L
C366,Customer366,B
C367,Customer367,F
C368,Customer368,Q
C369,Customer369,P
C370,Customer370,P
C371,Customer371,A
C372,Customer372,F
C373,Customer373,F
C374,Customer374,L
C375,Customer375,E
C376,Customer376,G
C377,Customer377,A
C378,Customer378,A
C379,Customer379,E
C380,Customer380,G
C381,Customer381,A
C382,Customer382,A
C383,Customer383,E
C384,Customer384,B
C385,Customer385,H
C386,Customer386,E
C387,Customer387,A
C388,Customer388,G
C389,Customer389,V
C390,Customer390,H
C391,Customer391,A
C392,Customer392,C
C393,Customer393,B
C394,Customer394,K
C395,Customer395,S
C396,Customer396,S
C397,Customer397,L
C398,Customer398,E
C399,Customer399,V
C400,Customer400,J
C401,Customer401,N
C402,Customer402,G
C403,Customer403,L
C404,Customer404,N
C405,Customer405,Q
C406,Customer406,L
C407,Customer407,J
C408,Customer408,A
C409,Customer409,A
C410,Customer410,N
C411,Customer411,J
C412,Customer412,E
C413,Customer413,N
C414,Customer414,N
C415,Customer415,I
C416,Customer416,O
C417,Customer417,A
C418,Customer418,R
C419,Customer419,A
C420,Customer420,E
C421,Customer421,U
C422,Customer422,F
C423,Customer423,F
C424,Customer424,D
C425,Customer425,I
C426,Customer426,A
C427,Customer427,G
C428,Customer428,H
C429,Customer429,S
C430,Customer430,A
C431,Customer431,J
C432,Customer432,A
C433,Customer433,L
C434,Customer434,G
C435,Customer435,F
C436,Customer436,B
C437,Customer437,F
C438,Customer438,A
C439,Customer439,A
C440,Customer440,E
C441,Customer441,E
C442,Customer442,F
C443,Customer443,E
C444,Customer444,F
C445,Customer445,I
C446,Customer446,B
C447,Customer447,L
C448,Customer448,A
C449,Customer449,E
C450,Customer450,O
C451,Customer451,D
C452,Customer452,E
C453,Customer453,F
C454,Customer454,E
C455,Customer455,P
C456,Customer456,F
C457,Customer457,A
C458,Customer458,A
C459,Customer459,A
C460,Customer460,S
C461,Customer461,I
C462,Customer462,A
C463,Customer463,L
C464,Customer464,L
C465,Customer465,B
C466,Customer466,S
C467,Customer467,G
C468,Customer468,N
C469,Customer469,A
C470,Customer470,I
C471,Customer471,N
C472,Customer472,I
C473,Customer473,F
C474,Customer474,J
C475,Customer475,L
C476,Customer476,E
C477,Customer477,E
C478,Customer478,D
C479,Customer479,J
C480,Customer480,E
C481,Customer481,A
C482,Customer482,E
C483,Customer483,A
C484,Customer484,L
C485,Customer485,C
C486,Customer486,A
C487,Customer487,J
C488,Customer488,A
C489,Customer489,S
C490,Customer490,S
C491,Customer491,J
C492,Customer492,S
C493,Customer493,G
C494,Customer494,P
C495,Customer495,U
C496,Customer496,I
C497,Customer497,I
C498,Customer498,A
C499,Customer499,A
C500,Customer500,A
C501,Customer501,E
C502,Customer502,S
C503,Customer503,E
C504,Customer504,I
C505,Customer505,H
C506,Customer506,F
C507,Customer507,E
C508,Customer508,A
C509,Customer509,N
C510,Customer510,B
C511,Customer511,B
C512,Customer512,A
C513,Customer513,E
C514,Customer514,S
C515,Customer515,L
C516,Customer516,S
C517,Customer517,A
C518,Customer518,I
C519,Customer519,L
C520,Customer520,B
C521,Customer521,D
C522,Customer522,L
C523,Customer523,A
C524,Customer524,B
C525,Customer525,L
C526,Customer526,R
C527,Customer527,P
C528,Customer528,S
C529,Customer529,G
C530,Customer530,V
C531,Customer531,J
C532,Customer532,J
C533,Customer533,A
C534,Customer534,X
C535,Customer535,N
C536,Customer536,F
C537,Customer537,A
C538,Customer538,S
C539,Customer539,E
C540,Customer540,A
C541,Customer541,E
C542,Customer542,B
C543,Customer543,P
C544,Customer544,K
C545,Customer545,E
C546,Customer546,F
C547,Customer547,G
C548,Customer548,F
C549,Customer549,T
C550,Customer550,N
C551,Customer551,A
C552,Customer552,J
C553,Customer553,N
C554,Customer554,K
C555,Customer555,K
C556,Customer556,N
C557,Customer557,U
C558,Customer558,B
C559,Customer559,N
C560,Customer560,L
C561,Customer561,L
C562,Customer562,L
C563,Customer563,L
C564,Customer564,A
C565,Customer565,G
C566,Customer566,A
C567,Customer567,P
C568,Customer568,J
C569,Customer569,F
C570,Customer570,R
C571,Customer571,D
C572,Customer572,A
C573,Customer573,J
C574,Customer574,A
C575,Customer575,S
C576,Customer576,L
C577,Customer577,E
C578,Customer578,A
C579,Customer579,B
C580,Customer580,A
C581,Customer581,A
C582,Customer582,E
C583,Customer583,B
C584,Customer584,E
C585,Customer585,S
C586,Customer586,N
C587,Customer587,N
C588,Customer588,N
C589,Customer589,I
C590,Customer590,A
C591,Customer591,N
C592,Customer592,Q
C593,Customer593,F
C594,Customer594,C
C595,Customer595,A
C596,Customer596,O
C597,Customer597,L
C598,Customer598,L
C599,Customer599,S
C600,Customer600,G
C601,Customer601,B
C602,Customer602,B
C603,Customer603,K
C604,Customer604,A
C605,Customer605,K
C606,Customer606,N
C607,Customer607,K
C608,Customer608,D
C609,Customer609,S
C610,Customer610,B
C611,Customer611,A
C612,Customer612,J
C613,Customer613,A
C614,Customer614,A
C615,Customer615,E
C616,Customer616,B
C617,Customer617,A
C618,Customer618,B
C619,Customer619,J
C620,Customer620,F
C621,Customer621,A
C622,Customer622,B
C623,Customer623,A
C624,Customer624,G
C625,Customer625,K
C626,Customer626,B
C627,Customer627,Q
C628,Customer628,L
C629,Customer629,J
C630,Customer630,B
C631,Customer631,G
C632,Customer632,S
C633,Customer633,E
C634,Customer634,L
C635,Customer635,F
C636,Customer636,D
C637,Customer637,I
C638,Customer638,G
C639,Customer639,L
C640,Customer640,T
C641,Customer641,F
C642,Customer642,P
C643,Customer643,A
C644,Customer644,E
C645,Customer645,I
C646,Customer646,O
C647,Customer647,P
C648,Customer648,S
C649,Customer649,S
C650,Customer650,K
C651,Customer651,Q
C652,Customer652,C
C653,Customer653,S
C654,Customer654,F
C655,Customer655,E
C656,Customer656,I
C657,Customer657,E
C658,Customer658,A
C659,Customer659,F
C660,Customer660,A
C661,Customer661,L
C662,Customer662,J
C663,Customer663,N
C664,Customer664,F
C665,Customer665,B
C666,Customer666,H
C667,Customer667,J
C668,Customer668,V
C669,Customer669,P
C670,Customer670,A
C671,Customer671,B
C672,Customer672,L
C673,Customer673,S
C674,Customer674,N
C675,Customer675,B
C676,Customer676,A
C677,Customer677,L
C678,Customer678,F
C679,Customer679,J
C680,Customer680,B
C681,Customer681,A
C682,Customer682,N
C683,Customer683,A
C684,Customer684,S
C685,Customer685,L
C686,Customer686,A
C687,Customer687,F
C688,Customer688,A
C689,Customer689,E
C690,Customer690,L
C691,Customer691,G
C692,Customer692,T
C693,Customer693,A
C694,Customer694,A
C695,Customer695,S
C696,Customer696,K
C697,Customer697,L
C698,Customer698,A
C699,Customer699,D
C700,Customer700,G
C701,Customer701,S
C702,Customer702,L
C703,Customer703,J
C704,Customer704,P
C705,Customer705,J
C706,Customer706,A
C707,Customer707,E
C708,Customer708,A
C709,Customer709,S
C710,Customer710,F
C711,Customer711,K
C712,Customer712,A
C713,Customer713,B
C714,Customer714,H
C715,Customer715,L
C716,Customer716,F
C717,Customer717,S
C718,Customer718,J
C719,Customer719,S
C720,Customer720,K
C721,Customer721,A
C722,Customer722,S
C723,Customer723,S
C724,Customer724,D
C725,Customer725,D
C726,Customer726,Q
C727,Customer727,Q
C728,Customer728,L
C729,Customer729,A
C730,Customer730,P
C731,Customer731,C
C732,Customer732,A
C733,Customer733,E
C734,Customer734,E
C735,Customer735,S
C736,Customer736,F
C737,Customer737,A
C738,Customer738,B
C739,Customer739,E
C740,Customer740,A
C741,Customer741,S
C742,Customer742,B
C743,Customer743,C
C744,Customer744,N
C745,Customer745,S
C746,Customer746,D
C747,Customer747,W
C748,Customer748,S
C749,Customer749,E
C750,Customer750,J
C751,Customer751,S
C752,Customer752,E
C753,Customer753,A
C754,Customer754,A
C755,Customer755,S
C756,Customer756,Q
C757,Customer757,D
C758,Customer758,U
C759,Customer759,D
C760,Customer760,D
C761,Customer761,S
C762,Customer762,G
C763,Customer763,P
C764,Customer764,P
C765,Customer765,F
C766,Customer766,A
C767,Customer767,B
C768,Customer768,A
C769,Customer769,A
C770,Customer770,A
C771,Customer771,A
C772,Customer772,A
C773,Customer773,B
C774,Customer774,V
C775,Customer775,K
C776,Customer776,L
C777,Customer777,S
C778,Customer778,A
C779,Customer779,Q
C780,Customer780,A
C781,Customer781,D
C782,Customer782,L
C783,Customer783,S
C784,Customer784,A
C785,Customer785,E
C786,Customer786,S
C787,Customer787,S
C788,Customer788,E
C789,Customer789,V
C790,Customer790,H
C791,Customer791,U
C792,Customer792,J
C793,Customer793,K
C794,Customer794,K
C795,Customer795,P
C796,Customer796,G
C797,Customer797,F
C798,Customer798,A
C799,Customer799,J
C800,Customer800,B
C801,Customer801,E
C802,Customer802,T
C803,Customer803,J
C804,Customer804,T
C805,Customer805,F
C806,Customer806,E
C807,Customer807,B
C808,Customer808,A
C809,Customer809,J
C810,Customer810,P
C811,Customer811,J
C812,Customer812,A
C813,Customer813,E
C814,Customer814,E
C815,Customer815,A
C816,Customer816,J
C817,Customer817,G
C818,Customer818,A
C819,Customer819,S
C820,Customer820,J
C821,Customer821,A
C822,Customer822,A
C823,Customer823,D
C824,Customer824,A
C825,Customer825,A
C826,Customer826,E
C827,Customer827,O
C828,Customer828,S
C829,Customer829,O
C830,Customer830,B
C831,Customer831,E
C832,Customer832,G
C833,Customer833,S
C834,Customer834,F
C835,Customer835,Q
C836,Customer836,T
C837,Customer837,S
C838,Customer838,T
C839,Customer839,K
C840,Customer840,S
C841,Customer841,L
C842,Customer842,O
C843,Customer843,S
C844,Customer844,X
C845,Customer845,G
C846,Customer846,J
C847,Customer847,B
C848,Customer848,K
C849,Customer849,N
C850,Customer850,K
C851,Customer851,A
C852,Customer852,K
C853,Customer853,S
C854,Customer854,L
C855,Customer855,A
C856,Customer856,L
C857,Customer857,B
C858,Customer858,N
C859,Customer859,Q
C860,Customer860,N
C861,Customer861,E
C862,Customer862,Y
C863,Customer863,L
C864,Customer864,D
C865,Customer865,D
C866,Customer866,D
C867,Customer867,A
C868,Customer868,J
C869,Customer869,E
C870,Customer870,Q
C871,Customer871,K
C872,Customer872,B
C873,Customer873,J
C874,Customer874,B
C875,Customer875,B
C876,Customer876,E
C877,Customer877,L
C878,Customer878,K
C879,Customer879,H
C880,Customer880,A
C881,Customer881,K
C882,Customer882,N
C883,Customer883,N
C884,Customer884,N
C885,Customer885,N
C886,Customer886,L
C887,Customer887,I
C888,Customer888,J
C889,Customer889,S
C890,Customer890,K
C891,Customer891,I
C892,Customer892,S
C893,Customer893,A
C894,Customer894,J
C895,Customer895,S
C896,Customer896,U
C897,Customer897,X
C898,Customer898,A
C899,Customer899,L
C900,Customer900,K
C901,Customer901,H
C902,Customer902,E
C903,Customer903,B
C904,Customer904,B
C905,Customer905,F
C906,Customer906,B
C907,Customer907,S
C908,Customer908,E
C909,Customer909,U
C910,Customer910,J
C911,Customer911,B
C912,Customer912,A
C913,Customer913,A
C914,Customer914,F
C915,Customer915,A
C916,Customer916,J
C917,Customer917,E
C918,Customer918,E
C919,Customer919,E
C920,Customer920,F
C921,Customer921,U
C922,Customer922,K
C923,Customer923,H
C924,Customer924,B
C925,Customer925,E
C926,Customer926,N
C927,Customer927,D
C928,Customer928,B
C929,Customer929,A
C930,Customer930,E
C931,Customer931,E
C932,Customer932,T
C933,Customer933,I
C934,Customer934,E
C935,Customer935,S
C936,Customer936,B
C937,Customer937,H
C938,Customer938,L
C939,Customer939,E
C940,Customer940,F
C941,Customer941,J
C942,Customer942,G
C943,Customer943,N
C944,Customer944,L
C945,Customer945,E
C946,Customer946,K
C947,Customer947,A
C948,Customer948,V
C949,Customer949,L
C950,Customer950,A
C951,Customer951,E
C952,Customer952,C
C953,Customer953,B
C954,Customer954,E
C955,Customer955,B
C956,Customer956,H
C957,Customer957,L
C958,Customer958,E
C959,Customer959,N
C960,Customer960,B
C961,Customer961,A
C962,Customer962,J
C963,Customer963,E
C964,Customer964,A
C965,Customer965,T
C966,Customer966,P
C967,Customer967,I
C968,Customer968,L
C969,Customer969,K
C970,Customer970,J
C971,Customer971,S
C972,Customer972,J
C973,Customer973,S
C974,Customer974,E
C975,Customer975,K
C976,Customer976,S
C977,Customer977,F
C978,Customer978,K
C979,Customer979,S
C980,Customer980,D
C981,Customer981,E
C982,Customer982,S
C983,Customer983,E
C984,Customer984,J
C985,Customer985,S
C986,Customer986,L
C987,Customer987,A
C988,Customer988,F
C989,Customer989,K
C990,Customer990,A
C991,Customer991,E
C992,Customer992,N
C993,Customer993,F
C994,Customer994,K
C995,Customer995,B
C996,Customer996,G
C997,Customer997,S
C998,Customer998,N
C999,Customer999,K
C1000,Customer1000,B
C1001,Customer1001,O
C1002,Customer1002,K
C1003,Customer1003,Q
C1004,Customer1004,N
C1005,Customer1005,B
C1006,Customer1006,B
C1007,Customer1007,W
C1008,Customer1008,C
C1009,Customer1009,D
C1010,Customer1010,A
C1011,Customer1011,A
C1012,Customer1012,F
C1013,Customer1013,A
C1014,Customer1014,S
C1015,Customer1015,B
C1016,Customer1016,J
C1017,Customer1017,O
C1018,Customer1018,N
C1019,Customer1019,B
C1020,Customer1020,A
C1021,Customer1021,K
C1022,Customer1022,J
C1023,Customer1023,G
C1024,Customer1024,K
C1025,Customer1025,L
C1026,Customer1026,H
C1027,Customer1027,E
C1028,Customer1028,A
C1029,Customer1029,N
C1030,Customer1030,A
C1031,Customer1031,Q
C1032,Customer1032,B
C1033,Customer1033,Q
C1034,Customer1034,S
C1035,Customer1035,G
C1036,Customer1036,S
C1037,Customer1037,B
C1038,Customer1038,G
C1039,Customer1039,F
C1040,Customer1040,N
C1041,Customer1041,N
C1042,Customer1042,S
C1043,Customer1043,S
C1044,Customer1044,J
C1045,Customer1045,N
C1046,Customer1046,C
C1047,Customer1047,K
C1048,Customer1048,K
C1049,Customer1049,K
C1050,Customer1050,A
C1051,Customer1051,D
C1052,Customer1052,G
C1053,Customer1053,N
C1054,Customer1054,N
C1055,Customer1055,I
C1056,Customer1056,J
C1057,Customer1057,S
C1058,Customer1058,S
C1059,Customer1059,N
C1060,Customer1060,V
C1061,Customer1061,G
C1062,Customer1062,S
C1063,Customer1063,L
C1064,Customer1064,V
C1065,Customer1065,S
C1066,Customer1066,S
C1067,Customer1067,F
C1068,Customer1068,B
C1069,Customer1069,K
C1070,Customer1070,N
C1071,Customer1071,S
C1072,Customer1072,A
C1073,Customer1073,F
C1074,Customer1074,B
C1075,Customer1075,Y
C1076,Customer1076,B
C1077,Customer1077,A
C1078,Customer1078,N
C1079,Customer1079,S
C1080,Customer1080,E
C1081,Customer1081,K
C1082,Customer1082,A
C1083,Customer1083,B
C1084,Customer1084,F
C1085,Customer1085,K
C1086,Customer1086,A
C1087,Customer1087,E
C1088,Customer1088,S
C1089,Customer1089,A
C1090,Customer1090,S
C1091,Customer1091,N
C1092,Customer1092,F
C1093,Customer1093,J
C1094,Customer1094,A
C1095,Customer1095,S
C1096,Customer1096,S
C1097,Customer1097,A
C1098,Customer1098,L
C1099,Customer1099,C
C1100,Customer1100,I
C1101,Customer1101,J
C1102,Customer1102,O
C1103,Customer1103,N
C1104,Customer1104,B
C1105,Customer1105,N
C1106,Customer1106,N
C1107,Customer1107,S
C1108,Customer1108,F
C1109,Customer1109,F
C1110,Customer1110,L
C1111,Customer1111,B
C1112,Customer1112,A
C1113,Customer1113,D
C1114,Customer1114,Q
C1115,Customer1115,Q
C1116,Customer1116,D
C1117,Customer1117,F
C1118,Customer1118,N
C1119,Customer1119,T
C1120,Customer1120,N
C1121,Customer1121,L
C1122,Customer1122,A
C1123,Customer1123,N
C1124,Customer1124,N
C1125,Customer1125,O
C1126,Customer1126,A
C1127,Customer1127,K
C1128,Customer1128,L
C1129,Customer1129,F
C1130,Customer1130,F
C1131,Customer1131,C
C1132,Customer1132,A
C1133,Customer1133,F
C1134,Customer1134,L
C1135,Customer1135,B
C1136,Customer1136,B
C1137,Customer1137,N
C1138,Customer1138,N
C1139,Customer1139,A
C1140,Customer1140,L
C1141,Customer1141,H
C1142,Customer1142,A
C1143,Customer1143,L
C1144,Customer1144,S
C1145,Customer1145,E
C1146,Customer1146,N
C1147,Customer1147,L
C1148,Customer1148,P
C1149,Customer1149,B
C1150,Customer1150,L
C1151,Customer1151,B
C1152,Customer1152,B
C1153,Customer1153,B
C1154,Customer1154,N
C1155,Customer1155,I
C1156,Customer1156,L
C1157,Customer1157,E
C1158,Customer1158,A
C1159,Customer1159,D
C1160,Customer1160,B
C1161,Customer1161,B
C1162,Customer1162,B
C1163,Customer1163,B
C1164,Customer1164,K
C1165,Customer1165,L
C1166,Customer1166,B
C1167,Customer1167,S
C1168,Customer1168,D
C1169,Customer1169,I
C1170,Customer1170,F
C1171,Customer1171,F
C1172,Customer1172,S
C1173,Customer1173,O
C1174,Customer1174,Q
C1175,Customer1175,B
C1176,Customer1176,B
C1177,Customer1177,B
C1178,Customer1178,F
C1179,Customer1179,I
C1180,Customer1180,E
C1181,Customer1181,A
C1182,Customer1182,N
C1183,Customer1183,A
C1184,Customer1184,B
C1185,Customer1185,O
C1186,Customer1186,A
C1187,Customer1187,K
C1188,Customer1188,L
C1189,Customer1189,J
C1190,Customer1190,A
C1191,Customer1191,E
C1192,Customer1192,F
C1193,Customer1193,B
C1194,Customer1194,E
C1195,Customer1195,E
C1196,Customer1196,S
C1197,Customer1197,A
C1198,Customer1198,F
C1199,Customer1199,J
C1200,Customer1200,O
C1201,Customer1201,B
C1202,Customer1202,N
C1203,Customer1203,L
C1204,Customer1204,V
C1205,Customer1205,B
C1206,Customer1206,L
C1207,Customer1207,O
C1208,Customer1208,A
C1209,Customer1209,B
C1210,Customer1210,E
C1211,Customer1211,A
C1212,Customer1212,G
C1213,Customer1213,L
C1214,Customer1214,D
C1215,Customer1215,L
C1216,Customer1216,A
C1217,Customer1217,A
C1218,Customer1218,B
C1219,Customer1219,B
C1220,Customer1220,K
C1221,Customer1221,B
C1222,Customer1222,F
C1223,Customer1223,N
C1224,Customer1224,E
C1225,Customer1225,E
C1226,Customer1226,A
C1227,Customer1227,D
C1228,Customer1228,L
C1229,Customer1229,I
C1230,Customer1230,S
C1231,Customer1231,O
C1232,Customer1232,P
C1233,Customer1233,K
C1234,Customer1234,L
C1235,Customer1235,L
C1236,Customer1236,E
C1237,Customer1237,E
C1238,Customer1238,T
C1239,Customer1239,A
C1240,Customer1240,E
C1241,Customer1241,J
C1242,Customer1242,B
C1243,Customer1243,K
C1244,Customer1244,P
C1245,Customer1245,T
C1246,Customer1246,K
C1247,Customer1247,B
C1248,Customer1248,J
C1249,Customer1249,C
C1250,Customer1250,B
C1251,Customer1251,Y
C1252,Customer1252,Y
C1253,Customer1253,Y
C1254,Customer1254,Y
C1255,Customer1255,Y
C1256,Customer1256,Y
C1257,Customer1257,Y
C1258,Customer1258,A
C1259,Customer1259,S
C1260,Customer1260,B
C1261,Customer1261,N
C1262,Customer1262,O
C1263,Customer1263,S
C1264,Customer1264,A
C1265,Customer1265,L
C1266,Customer1266,I
C1267,Customer1267,F
C1268,Customer1268,J
C1269,Customer1269,B
C1270,Customer1270,S
C1271,Customer1271,E
C1272,Customer1272,A
C1273,Customer1273,B
C1274,Customer1274,B
C1275,Customer1275,B
C1276,Customer1276,Q
C1277,Customer1277,B
C1278,Customer1278,F
C1279,Customer1279,L
C1280,Customer1280,B
C1281,Customer1281,B
C1282,Customer1282,L
C1283,Customer1283,A
C1284,Customer1284,N
C1285,Customer1285,S
C1286,Customer1286,A
C1287,Customer1287,E
C1288,Customer1288,L
C1289,Customer1289,F
C1290,Customer1290,O
C1291,Customer1291,G
C1292,Customer1292,T
C1293,Customer1293,A
C1294,Customer1294,S
C1295,Customer1295,D
C1296,Customer1296,S
C1297,Customer1297,Q
C1298,Customer1298,Q
C1299,Customer1299,A
C1300,Customer1300,S
C1301,Customer1301,L
C1302,Customer1302,A
C1303,Customer1303,O
C1304,Customer1304,L
C1305,Customer1305,B
C1306,Customer1306,B
C1307,Customer1307,Q
C1308,Customer1308,E
C1309,Customer1309,A
C1310,Customer1310,V
C1311,Customer1311,A
C1312,Customer1312,C
C1313,Customer1313,B
C1314,Customer1314,V
C1315,Customer1315,N
C1316,Customer1316,B
C1317,Customer1317,E
C1318,Customer1318,A
C1319,Customer1319,F
C1320,Customer1320,A
C1321,Customer1321,Q
C1322,Customer1322,B
C1323,Customer1323,K
C1324,Customer1324,H
C1325,Customer1325,O
C1326,Customer1326,Q
C1327,Customer1327,J
C1328,Customer1328,J
C1329,Customer1329,G
C1330,Customer1330,K
C1331,Customer1331,A
C1332,Customer1332,E
C1333,Customer1333,E
C1334,Customer1334,J
C1335,Customer1335,A
C1336,Customer1336,F
C1337,Customer1337,S
C1338,Customer1338,A
C1339,Customer1339,J
C1340,Customer1340,G
C1341,Customer1341,P
C1342,Customer1342,B
C1343,Customer1343,B
C1344,Customer1344,N
C1345,Customer1345,A
C1346,Customer1346,E
C1347,Customer1347,N
C1348,Customer1348,B
C1349,Customer1349,E
C1350,Customer1350,F
C1351,Customer1351,B
C1352,Customer1352,B
C1353,Customer1353,N
C1354,Customer1354,N
C1355,Customer1355,A
C1356,Customer1356,N
C1357,Customer1357,Q
C1358,Customer1358,E
C1359,Customer1359,A
C1360,Customer1360,E
C1361,Customer1361,O
C1362,Customer1362,Y
C1363,Customer1363,I
C1364,Customer1364,B
C1365,Customer1365,N
C1366,Customer1366,J
C1367,Customer1367,J
C1368,Customer1368,A
C1369,Customer1369,X
C1370,Customer1370,A
C1371,Customer1371,T
C1372,Customer1372,E
C1373,Customer1373,A
C1374,Customer1374,L
C1375,Customer1375,A
C1376,Customer1376,Q
C1377,Customer1377,S
C1378,Customer1378,I
C1379,Customer1379,A
C1380,Customer1380,A
C1381,Customer1381,F
C1382,Customer1382,Q
C1383,Customer1383,H
C1384,Customer1384,N
C1385,Customer1385,N
C1386,Customer1386,E
C1387,Customer1387,J
C1388,Customer1388,A
C1389,Customer1389,L
C1390,Customer1390,N
C1391,Customer1391,S
C1392,Customer1392,B
C1393,Customer1393,B
C1394,Customer1394,O
C1395,Customer1395,E
C1396,Customer1396,H
C1397,Customer1397,A
C1398,Customer1398,B
C1399,Customer1399,B
C1400,Customer1400,F
C1401,Customer1401,L
C1402,Customer1402,A
C1403,Customer1403,M
C1404,Customer1404,N
C1405,Customer1405,N
C1406,Customer1406,A
C1407,Customer1407,S
C1408,Customer1408,B
C1409,Customer1409,B
C1410,Customer1410,B
C1411,Customer1411,I
C1412,Customer1412,F
C1413,Customer1413,S
C1414,Customer1414,A
C1415,Customer1415,F
C1416,Customer1416,G
C1417,Customer1417,G
C1418,Customer1418,A
C1419,Customer1419,N
C1420,Customer1420,A
C1421,Customer1421,B
C1422,Customer1422,T
C1423,Customer1423,V
C1424,Customer1424,B
C1425,Customer1425,L
C1426,Customer1426,E
C1427,Customer1427,S
C1428,Customer1428,V
C1429,Customer1429,D
C1430,Customer1430,S
C1431,Customer1431,E
C1432,Customer1432,A
C1433,Customer1433,L
C1434,Customer1434,E
C1435,Customer1435,N
C1436,Customer1436,J
C1437,Customer1437,N
C1438,Customer1438,N
C1439,Customer1439,G
C1440,Customer1440,Q
C1441,Customer1441,F
C1442,Customer1442,A
C1443,Customer1443,Q
C1444,Customer1444,Q
C1445,Customer1445,Q
C1446,Customer1446,B
C1447,Customer1447,N
C1448,Customer1448,J
C1449,Customer1449,S
C1450,Customer1450,J
C1451,Customer1451,J
C1452,Customer1452,B
C1453,Customer1453,A
C1454,Customer1454,N
C1455,Customer1455,P
C1456,Customer1456,A
C1457,Customer1457,J
C1458,Customer1458,O
C1459,Customer1459,E
C1460,Customer1460,D
C1461,Customer1461,N
C1462,Customer1462,K
C1463,Customer1463,E
C1464,Customer1464,A
C1465,Customer1465,B
C1466,Customer1466,V
C1467,Customer1467,S
C1468,Customer1468,S
C1469,Customer1469,I
C1470,Customer1470,A
C1471,Customer1471,F
C1472,Customer1472,E
C1473,Customer1473,A
C1474,Customer1474,B
C1475,Customer1475,U
C1476,Customer1476,S
C1477,Customer1477,L
C1478,Customer1478,S
C1479,Customer1479,U
C1480,Customer1480,S
C1481,Customer1481,N
C1482,Customer1482,N
C1483,Customer1483,B
C1484,Customer1484,B
C1485,Customer1485,B
C1486,Customer1486,B
C1487,Customer1487,B
C1488,Customer1488,E
C1489,Customer1489,N
C1490,Customer1490,K
C1491,Customer1491,J
C1492,Customer1492,B
C1493,Customer1493,P
C1494,Customer1494,A
C1495,Customer1495,S
C1496,Customer1496,A
C1497,Customer1497,T
C1498,Customer1498,S
C1499,Customer1499,A
C1500,Customer1500,E
C1501,Customer1501,E
C1502,Customer1502,S
C1503,Customer1503,A
C1504,Customer1504,V
C1505,Customer1505,A
C1506,Customer1506,H
C1507,Customer1507,Q
C1508,Customer1508,A
C1509,Customer1509,S
C1510,Customer1510,N
C1511,Customer1511,A
C1512,Customer1512,N
C1513,Customer1513,A
C1514,Customer1514,A
C1515,Customer1515,T
C1516,Customer1516,L
C1517,Customer1517,A
C1518,Customer1518,L
C1519,Customer1519,Q
C1520,Customer1520,N
C1521,Customer1521,A
C1522,Customer1522,D
C1523,Customer1523,A
C1524,Customer1524,P
C1525,Customer1525,N
C1526,Customer1526,S
C1527,Customer1527,S
C1528,Customer1528,V
C1529,Customer1529,G
C1530,Customer1530,J
C1531,Customer1531,A
C1532,Customer1532,A
C1533,Customer1533,B
C1534,Customer1534,F
C1535,Customer1535,A
C1536,Customer1536,N
C1537,Customer1537,L
C1538,Customer1538,D
C1539,Customer1539,O
C1540,Customer1540,B
C1541,Customer1541,O
C1542,Customer1542,P
C1543,Customer1543,S
C1544,Customer1544,A
C1545,Customer1545,S
C1546,Customer1546,G
C1547,Customer1547,G
C1548,Customer1548,A
C1549,Customer1549,B
C1550,Customer1550,H
C1551,Customer1551,D
C1552,Customer1552,B
C1553,Customer1553,S
C1554,Customer1554,A
C1555,Customer1555,G
C1556,Customer1556,J
C1557,Customer1557,N
C1558,Customer1558,T
C1559,Customer1559,S
C1560,Customer1560,H
C1561,Customer1561,L
C1562,Customer1562,A
C1563,Customer1563,F
C1564,Customer1564,T
C1565,Customer1565,L
C1566,Customer1566,J
C1567,Customer1567,J
C1568,Customer1568,I
C1569,Customer1569,N
C1570,Customer1570,N
C1571,Customer1571,N
C1572,Customer1572,D
C1573,Customer1573,N
C1574,Customer1574,W
C1575,Customer1575,J
C1576,Customer1576,N
C1577,Customer1577,S
C1578,Customer1578,L
C1579,Customer1579,N
C1580,Customer1580,N
C1581,Customer1581,A
C1582,Customer1582,B
C1583,Customer1583,N
C1584,Customer1584,S
C1585,Customer1585,B
C1586,Customer1586,E
C1587,Customer1587,A
C1588,Customer1588,J
C1589,Customer1589,E
C1590,Customer1590,S
C1591,Customer1591,S
C1592,Customer1592,L
C1593,Customer1593,L
C1594,Customer1594,A
C1595,Customer1595,E
C1596,Customer1596,A
C1597,Customer1597,S
C1598,Customer1598,S
C1599,Customer1599,O
C1600,Customer1600,L
C1601,Customer1601,N
C1602,Customer1602,E
C1603,Customer1603,S
C1604,Customer1604,O
C1605,Customer1605,E
C1606,Customer1606,B
C1607,Customer1607,N
C1608,Customer1608,B
C1609,Customer1609,L
C1610,Customer1610,A
C1611,Customer1611,R
C1612,Customer1612,N
C1613,Customer1613,L
C1614,Customer1614,M
C1615,Customer1615,F
C1616,Customer1616,S
C1617,Customer1617,A
C1618,Customer1618,D
C1619,Customer1619,A
C1620,Customer1620,E
C1621,Customer1621,N
C1622,Customer1622,G
C1623,Customer1623,A
C1624,Customer1624,T
C1625,Customer1625,T
C1626,Customer1626,N
C1627,Customer1627,M
C1628,Customer1628,B
C1629,Customer1629,M
C1630,Customer1630,Q
C1631,Customer1631,S
C1632,Customer1632,Q
C1633,Customer1633,E
C1634,Customer1634,N
C1635,Customer1635,F
C1636,Customer1636,E
C1637,Customer1637,N
C1638,Customer1638,S
C1639,Customer1639,S
C1640,Customer1640,N
C1641,Customer1641,L
C1642,Customer1642,N
C1643,Customer1643,N
C1644,Customer1644,N
C1645,Customer1645,N
C1646,Customer1646,N
C1647,Customer1647,D
C1648,Customer1648,J
C1649,Customer1649,A
C1650,Customer1650,T
C1651,Customer1651,B
C1652,Customer1652,A
C1653,Customer1653,B
C1654,Customer1654,A
C1655,Customer1655,C
C1656,Customer1656,S
C1657,Customer1657,A
C1658,Customer1658,A
C1659,Customer1659,S
C1660,Customer1660,S
C1661,Customer1661,S
C1662,Customer1662,L
C1663,Customer1663,L
C1664,Customer1664,P
C1665,Customer1665,J
C1666,Customer1666,D
C1667,Customer1667,J
C1668,Customer1668,P
C1669,Customer1669,B
C1670,Customer1670,N
C1671,Customer1671,S
C1672,Customer1672,A
C1673,Customer1673,N
C1674,Customer1674,I
C1675,Customer1675,A
C1676,Customer1676,A
C1677,Customer1677,U
C1678,Customer1678,N
C1679,Customer1679,N
C1680,Customer1680,N
C1681,Customer1681,N
C1682,Customer1682,F
C1683,Customer1683,E
C1684,Customer1684,L
C1685,Customer1685,F
C1686,Customer1686,S
C1687,Customer1687,G
C1688,Customer1688,A
C1689,Customer1689,H
C1690,Customer1690,L
C1691,Customer1691,S
C1692,Customer1692,N
C1693,Customer1693,N
C1694,Customer1694,H
C1695,Customer1695,N
C1696,Customer1696,A
C1697,Customer1697,H
C1698,Customer1698,B
C1699,Customer1699,E
C1700,Customer1700,F
C1701,Customer1701,S
C1702,Customer1702,N
C1703,Customer1703,N
C1704,Customer1704,A
C1705,Customer1705,E
C1706,Customer1706,A
C1707,Customer1707,B
C1708,Customer1708,I
C1709,Customer1709,E
C1710,Customer1710,E
C1711,Customer1711,E
C1712,Customer1712,L
C1713,Customer1713,L
C1714,Customer1714,J
C1715,Customer1715,A
C1716,Customer1716,J
C1717,Customer1717,A
C1718,Customer1718,S
C1719,Customer1719,N
C1720,Customer1720,A
C1721,Customer1721,S
C1722,Customer1722,A
C1723,Customer1723,J
C1724,Customer1724,B
C1725,Customer1725,A
C1726,Customer1726,O
C1727,Customer1727,X
C1728,Customer1728,J
C1729,Customer1729,A
C1730,Customer1730,A
C1731,Customer1731,L
C1732,Customer1732,T
C1733,Customer1733,A
C1734,Customer1734,N
C1735,Customer1735,J
C1736,Customer1736,A
C1737,Customer1737,F
C1738,Customer1738,F
C1739,Customer1739,F
C1740,Customer1740,F
C1741,Customer1741,F
C1742,Customer1742,F
C1743,Customer1743,F
C1744,Customer1744,F
C1745,Customer1745,U
C1746,Customer1746,U
C1747,Customer1747,U
C1748,Customer1748,O
C1749,Customer1749,A
C1750,Customer1750,N
C1751,Customer1751,A
C1752,Customer1752,L
C1753,Customer1753,N
C1754,Customer1754,A
C1755,Customer1755,J
C1756,Customer1756,B
C1757,Customer1757,A
C1758,Customer1758,N
C1759,Customer1759,N
C1760,Customer1760,N
C1761,Customer1761,A
C1762,Customer1762,N
C1763,Customer1763,N
C1764,Customer1764,S
C1765,Customer1765,S
C1766,Customer1766,B
C1767,Customer1767,H
C1768,Customer1768,O
C1769,Customer1769,E
C1770,Customer1770,J
C1771,Customer1771,E
C1772,Customer1772,A
C1773,Customer1773,L
C1774,Customer1774,N
C1775,Customer1775,N
C1776,Customer1776,A
C1777,Customer1777,D
C1778,Customer1778,A
C1779,Customer1779,A
C1780,Customer1780,B
C1781,Customer1781,N
C1782,Customer1782,H
C1783,Customer1783,J
C1784,Customer1784,B
C1785,Customer1785,U
C1786,Customer1786,B
C1787,Customer1787,J
C1788,Customer1788,A
C1789,Customer1789,U
C1790,Customer1790,U
C1791,Customer1791,Y
C1792,Customer1792,A
C1793,Customer1793,T
C1794,Customer1794,L
C1795,Customer1795,E
C1796,Customer1796,L
C1797,Customer1797,T
C1798,Customer1798,E
C1799,Customer1799,C
C1800,Customer1800,D
C1801,Customer1801,L
C1802,Customer1802,A
C1803,Customer1803,L
C1804,Customer1804,S
C1805,Customer1805,A
C1806,Customer1806,H
C1807,Customer1807,N
C1808,Customer1808,A
C1809,Customer1809,A
C1810,Customer1810,L
C1811,Customer1811,B
C1812,Customer1812,E
C1813,Customer1813,S
C1814,Customer1814,H
C1815,Customer1815,A
C1816,Customer1816,J
C1817,Customer1817,P
C1818,Customer1818,A
C1819,Customer1819,S
C1820,Customer1820,T
C1821,Customer1821,A
C1822,Customer1822,A
C1823,Customer1823,J
C1824,Customer1824,J
C1825,Customer1825,F
C1826,Customer1826,A
C1827,Customer1827,A
C1828,Customer1828,H
C1829,Customer1829,G
C1830,Customer1830,A
C1831,Customer1831,E
C1832,Customer1832,S
C1833,Customer1833,E
C1834,Customer1834,A
C1835,Customer1835,N
C1836,Customer1836,S
C1837,Customer1837,A
C1838,Customer1838,S
C1839,Customer1839,A
C1840,Customer1840,A
C1841,Customer1841,A
C1842,Customer1842,N
C1843,Customer1843,O
C1844,Customer1844,S
C1845,Customer1845,N
C1846,Customer1846,O
C1847,Customer1847,N
C1848,Customer1848,A
C1849,Customer1849,A
C1850,Customer1850,L
C1851,Customer1851,S
C1852,Customer1852,E
C1853,Customer1853,B
C1854,Customer1854,A
C1855,Customer1855,U
C1856,Customer1856,D
C1857,Customer1857,N
C1858,Customer1858,J
C1859,Customer1859,F
C1860,Customer1860,A
C1861,Customer1861,A
C1862,Customer1862,B
C1863,Customer1863,D
C1864,Customer1864,A
C1865,Customer1865,J
C1866,Customer1866,T
C1867,Customer1867,B
C1868,Customer1868,J
C1869,Customer1869,B
C1870,Customer1870,S
C1871,Customer1871,J
C1872,Customer1872,J
C1873,Customer1873,N
C1874,Customer1874,N
C1875,Customer1875,W
C1876,Customer1876,W
C1877,Customer1877,A
C1878,Customer1878,B
C1879,Customer1879,F
C1880,Customer1880,D
C1881,Customer1881,J
C1882,Customer1882,H
C1883,Customer1883,N
C1884,Customer1884,S
C1885,Customer1885,B
C1886,Customer1886,N
C1887,Customer1887,B
C1888,Customer1888,A
C1889,Customer1889,H
C1890,Customer1890,J
C1891,Customer1891,A
C1892,Customer1892,T
C1893,Customer1893,N
C1894,Customer1894,E
C1895,Customer1895,A
C1896,Customer1896,L
C1897,Customer1897,J
C1898,Customer1898,S
C1899,Customer1899,N
C1900,Customer1900,J
C1901,Customer1901,D
C1902,Customer1902,A
C1903,Customer1903,P
C1904,Customer1904,E
C1905,Customer1905,S
C1906,Customer1906,E
C1907,Customer1907,E
C1908,Customer1908,J
C1909,Customer1909,G
C1910,Customer1910,J
C1911,Customer1911,A
C1912,Customer1912,A
C1913,Customer1913,L
C1914,Customer1914,J
C1915,Customer1915,J
C1916,Customer1916,B
C1917,Customer1917,G
C1918,Customer1918,E
C1919,Customer1919,B
C1920,Customer1920,B
C1921,Customer1921,B
C1922,Customer1922,N
C1923,Customer1923,B
C1924,Customer1924,J
C1925,Customer1925,F
C1926,Customer1926,S
C1927,Customer1927,F
C1928,Customer1928,F
C1929,Customer1929,A
C1930,Customer1930,L
C1931,Customer1931,E
C1932,Customer1932,A
C1933,Customer1933,B
C1934,Customer1934,J
C1935,Customer1935,J
C1936,Customer1936,S
C1937,Customer1937,S
C1938,Customer1938,J
C1939,Customer1939,A
C1940,Customer1940,A
C1941,Customer1941,N
C1942,Customer1942,N
C1943,Customer1943,J
C1944,Customer1944,B
C1945,Customer1945,E
C1946,Customer1946,L
C1947,Customer1947,S
C1948,Customer1948,F
C1949,Customer1949,B
C1950,Customer1950,B
C1951,Customer1951,V
C1952,Customer1952,E
C1953,Customer1953,N
C1954,Customer1954,S
C1955,Customer1955,A
C1956,Customer1956,F
C1957,Customer1957,L
C1958,Customer1958,V
C1959,Customer1959,P
C1960,Customer1960,N
C1961,Customer1961,C
C1962,Customer1962,J
C1963,Customer1963,Q
C1964,Customer1964,J
C1965,Customer1965,J
C1966,Customer1966,J
C1967,Customer1967,B
C1968,Customer1968,B
C1969,Customer1969,N
C1970,Customer1970,A
C1971,Customer1971,E
C1972,Customer1972,T
C1973,Customer1973,A
C1974,Customer1974,E
C1975,Customer1975,A
C1976,Customer1976,J
C1977,Customer1977,I
C1978,Customer1978,L
C1979,Customer1979,J
C1980,Customer1980,K
C1981,Customer1981,C
C1982,Customer1982,B
C1983,Customer1983,T
C1984,Customer1984,L
C1985,Customer1985,A
C1986,Customer1986,B
C1987,Customer1987,B
C1988,Customer1988,A
C1989,Customer1989,A
C1990,Customer1990,B
C1991,Customer1991,E
C1992,Customer1992,J
C1993,Customer1993,A
C1994,Customer1994,J
C1995,Customer1995,B
C1996,Customer1996,B
C1997,Customer1997,D
C1998,Customer1998,A
C1999,Customer1999,B
C2000,Customer2000,B
C2001,Customer2001,L
C2002,Customer2002,J
C2003,Customer2003,A
C2004,Customer2004,B
C2005,Customer2005,E
C2006,Customer2006,N
C2007,Customer2007,J
C2008,Customer2008,J
C2009,Customer2009,G
C2010,Customer2010,A
C2011,Customer2011,J
C2012,Customer2012,S
C2013,Customer2013,N
C2014,Customer2014,D
C2015,Customer2015,F
C2016,Customer2016,F
C2017,Customer2017,T
C2018,Customer2018,Q
C2019,Customer2019,B
C2020,Customer2020,A
C2021,Customer2021,J
C2022,Customer2022,N
C2023,Customer2023,F
C2024,Customer2024,D
C2025,Customer2025,B
C2026,Customer2026,G
C2027,Customer2027,B
C2028,Customer2028,B
C2029,Customer2029,B
C2030,Customer2030,J
C2031,Customer2031,S
C2032,Customer2032,N
C2033,Customer2033,L
C2034,Customer2034,Q
C2035,Customer2035,E
C2036,Customer2036,N
C2037,Customer2037,D
C2038,Customer2038,L
C2039,Customer2039,N
C2040,Customer2040,J
C2041,Customer2041,B
C2042,Customer2042,N
C2043,Customer2043,A
C2044,Customer2044,A
C2045,Customer2045,E
C2046,Customer2046,E
C2047,Customer2047,L
C2048,Customer2048,J
C2049,Customer2049,E
C2050,Customer2050,A
C2051,Customer2051,B
C2052,Customer2052,S
C2053,Customer2053,Y
C2054,Customer2054,E
C2055,Customer2055,G
C2056,Customer2056,J
C2057,Customer2057,N
C2058,Customer2058,B
C2059,Customer2059,L
C2060,Customer2060,N
C2061,Customer2061,B
C2062,Customer2062,D
C2063,Customer2063,F
C2064,Customer2064,A
C2065,Customer2065,J
C2066,Customer2066,A
C2067,Customer2067,B
C2068,Customer2068,S
C2069,Customer2069,E
C2070,Customer2070,B
C2071,Customer2071,D
C2072,Customer2072,D
C2073,Customer2073,B
C2074,Customer2074,A
C2075,Customer2075,A
C2076,Customer2076,A
C2077,Customer2077,L
C2078,Customer2078,S
C2079,Customer2079,T
C2080,Customer2080,B
C2081,Customer2081,T
C2082,Customer2082,F
C2083,Customer2083,E
C2084,Customer2084,G
C2085,Customer2085,A
C2086,Customer2086,A
C2087,Customer2087,P
C2088,Customer2088,A
C2089,Customer2089,O
C2090,Customer2090,N
C2091,Customer2091,E
C2092,Customer2092,A
C2093,Customer2093,D
C2094,Customer2094,A
C2095,Customer2095,B
C2096,Customer2096,H
C2097,Customer2097,A
C2098,Customer2098,J
C2099,Customer2099,A
C2100,Customer2100,T
C2101,Customer2101,H
C2102,Customer2102,N
C2103,Customer2103,V
C2104,Customer2104,J
C2105,Customer2105,E
C2106,Customer2106,T
C2107,Customer2107,J
C2108,Customer2108,E
C2109,Customer2109,G
C2110,Customer2110,F
C2111,Customer2111,D
C2112,Customer2112,S
C2113,Customer2113,S
C2114,Customer2114,H
C2115,Customer2115,A
C2116,Customer2116,S
C2117,Customer2117,N
C2118,Customer2118,F
C2119,Customer2119,J
C2120,Customer2120,A
C2121,Customer2121,H
C2122,Customer2122,J
C2123,Customer2123,E
C2124,Customer2124,J
C2125,Customer2125,A
C2126,Customer2126,N
C2127,Customer2127,A
C2128,Customer2128,U
C2129,Customer2129,J
C2130,Customer2130,S
C2131,Customer2131,A
C2132,Customer2132,A
C2133,Customer2133,B
C2134,Customer2134,S
C2135,Customer2135,J
C2136,Customer2136,J
C2137,Customer2137,E
C2138,Customer2138,S
C2139,Customer2139,S
C2140,Customer2140,A
C2141,Customer2141,E
C2142,Customer2142,E
C2143,Customer2143,D
C2144,Customer2144,A
C2145,Customer2145,O
C2146,Customer2146,N
C2147,Customer2147,A
C2148,Customer2148,L
C2149,Customer2149,H
C2150,Customer2150,J
C2151,Customer2151,A
C2152,Customer2152,L
C2153,Customer2153,B
C2154,Customer2154,H
C2155,Customer2155,E
C2156,Customer2156,T
C2157,Customer2157,B
C2158,Customer2158,A
C2159,Customer2159,S
C2160,Customer2160,A
C2161,Customer2161,B
C2162,Customer2162,A
C2163,Customer2163,G
C2164,Customer2164,L
C2165,Customer2165,E
C2166,Customer2166,C
C2167,Customer2167,A
C2168,Customer2168,A
C2169,Customer2169,F
C2170,Customer2170,F
C2171,Customer2171,L
C2172,Customer2172,D
C2173,Customer2173,F
C2174,Customer2174,J
C2175,Customer2175,E
C2176,Customer2176,I
C2177,Customer2177,E
C2178,Customer2178,G
C2179,Customer2179,E
C2180,Customer2180,F
C2181,Customer2181,A
C2182,Customer2182,G
C2183,Customer2183,N
C2184,Customer2184,A
C2185,Customer2185,B
C2186,Customer2186,J
C2187,Customer2187,B
C2188,Customer2188,N
C2189,Customer2189,A
C2190,Customer2190,N
C2191,Customer2191,J
C2192,Customer2192,E
C2193,Customer2193,A
C2194,Customer2194,D
C2195,Customer2195,N
C2196,Customer2196,E
C2197,Customer2197,E
C2198,Customer2198,A
C2199,Customer2199,A
C2200,Customer2200,D
C2201,Customer2201,H
C2202,Customer2202,N
C2203,Customer2203,G
C2204,Customer2204,F
C2205,Customer2205,E
C2206,Customer2206,J
C2207,Customer2207,P
C2208,Customer2208,J
C2209,Customer2209,N
C2210,Customer2210,E
C2211,Customer2211,A
C2212,Customer2212,L
C2213,Customer2213,J
C2214,Customer2214,E
C2215,Customer2215,E
C2216,Customer2216,H
C2217,Customer2217,F
C2218,Customer2218,A
C2219,Customer2219,S
C2220,Customer2220,A
C2221,Customer2221,W
C2222,Customer2222,A
C2223,Customer2223,F
C2224,Customer2224,A
C2225,Customer2225,A
C2226,Customer2226,Q
C2227,Customer2227,N
C2228,Customer2228,J
C2229,Customer2229,A
C2230,Customer2230,U
C2231,Customer2231,J
C2232,Customer2232,N
C2233,Customer2233,N
C2234,Customer2234,J
C2235,Customer2235,N
C2236,Customer2236,S
C2237,Customer2237,B
C2238,Customer2238,D
C2239,Customer2239,G
C2240,Customer2240,W
C2241,Customer2241,N
C2242,Customer2242,B
C2243,Customer2243,B
C2244,Customer2244,B
C2245,Customer2245,N
C2246,Customer2246,A
C2247,Customer2247,A
C2248,Customer2248,B
C2249,Customer2249,A
C2250,Customer2250,V
C2251,Customer2251,J
C2252,Customer2252,B
C2253,Customer2253,N
C2254,Customer2254,B
C2255,Customer2255,U
C2256,Customer2256,L
C2257,Customer2257,E
C2258,Customer2258,V
C2259,Customer2259,V
C2260,Customer2260,B
C2261,Customer2261,A
C2262,Customer2262,S
C2263,Customer2263,V
C2264,Customer2264,E
C2265,Customer2265,A
C2266,Customer2266,A
C2267,Customer2267,P
C2268,Customer2268,S
C2269,Customer2269,E
C2270,Customer2270,E
C2271,Customer2271,N
C2272,Customer2272,T
C2273,Customer2273,E
C2274,Customer2274,L
C2275,Customer2275,F
C2276,Customer2276,N
C2277,Customer2277,L
C2278,Customer2278,A
C2279,Customer2279,F
C2280,Customer2280,G
C2281,Customer2281,P
C2282,Customer2282,A
C2283,Customer2283,T
C2284,Customer2284,A
C2285,Customer2285,A
C2286,Customer2286,I
C2287,Customer2287,B
C2288,Customer2288,E
C2289,Customer2289,S
C2290,Customer2290,L
C2291,Customer2291,E
C2292,Customer2292,F
C2293,Customer2293,F
C2294,Customer2294,A
C2295,Customer2295,A
C2296,Customer2296,J
C2297,Customer2297,E
C2298,Customer2298,O
C2299,Customer2299,A
C2300,Customer2300,A
C2301,Customer2301,D
C2302,Customer2302,E
C2303,Customer2303,A
C2304,Customer2304,B
C2305,Customer2305,D
C2306,Customer2306,G
C2307,Customer2307,F
C2308,Customer2308,N
C2309,Customer2309,V
C2310,Customer2310,A
C2311,Customer2311,S
C2312,Customer2312,E
C2313,Customer2313,J
C2314,Customer2314,S
C2315,Customer2315,D
C2316,Customer2316,G
C2317,Customer2317,E
C2318,Customer2318,F
C2319,Customer2319,H
C2320,Customer2320,A
C2321,Customer2321,H
C2322,Customer2322,S
C2323,Customer2323,T
C2324,Customer2324,A
C2325,Customer2325,O
C2326,Customer2326,P
C2327,Customer2327,S
C2328,Customer2328,J
C2329,Customer2329,O
C2330,Customer2330,H
C2331,Customer2331,N
C2332,Customer2332,O
C2333,Customer2333,A
C2334,Customer2334,F
C2335,Customer2335,H
C2336,Customer2336,A
C2337,Customer2337,B
C2338,Customer2338,E
C2339,Customer2339,G
C2340,Customer2340,N
C2341,Customer2341,S
C2342,Customer2342,J
C2343,Customer2343,A
C2344,Customer2344,P
C2345,Customer2345,E
C2346,Customer2346,E
C2347,Customer2347,E
C2348,Customer2348,J
C2349,Customer2349,J
C2350,Customer2350,B
C2351,Customer2351,I
C2352,Customer2352,E
C2353,Customer2353,A
C2354,Customer2354,A
C2355,Customer2355,J
C2356,Customer2356,C
C2357,Customer2357,B
C2358,Customer2358,U
C2359,Customer2359,J
C2360,Customer2360,E
C2361,Customer2361,E
C2362,Customer2362,D
C2363,Customer2363,H
C2364,Customer2364,A
C2365,Customer2365,A
C2366,Customer2366,D
C2367,Customer2367,T
C2368,Customer2368,A
C2369,Customer2369,O
C2370,Customer2370,A
C2371,Customer2371,C
C2372,Customer2372,E
C2373,Customer2373,A
C2374,Customer2374,V
C2375,Customer2375,P
C2376,Customer2376,A
C2377,Customer2377,S
C2378,Customer2378,O
C2379,Customer2379,B
C2380,Customer2380,A
C2381,Customer2381,J
C2382,Customer2382,B
C2383,Customer2383,H
C2384,Customer2384,L
C2385,Customer2385,E
C2386,Customer2386,E
C2387,Customer2387,G
C2388,Customer2388,C
C2389,Customer2389,A
C2390,Customer2390,B
C2391,Customer2391,N
C2392,Customer2392,A
C2393,Customer2393,B
C2394,Customer2394,B
C2395,Customer2395,N
C2396,Customer2396,U
C2397,Customer2397,A
C2398,Customer2398,F
C2399,Customer2399,T
C2400,Customer2400,A
C2401,Customer2401,B
C2402,Customer2402,A
C2403,Customer2403,S
C2404,Customer2404,A
C2405,Customer2405,T
C2406,Customer2406,E
C2407,Customer2407,L
C2408,Customer2408,L
C2409,Customer2409,L
C2410,Customer2410,L
C2411,Customer2411,N
C2412,Customer2412,T
C2413,Customer2413,B
C2414,Customer2414,P
C2415,Customer2415,P
C2416,Customer2416,E
C2417,Customer2417,B
C2418,Customer2418,B
C2419,Customer2419,G
C2420,Customer2420,B
C2421,Customer2421,B
C2422,Customer2422,G
C2423,Customer2423,F
C2424,Customer2424,G
C2425,Customer2425,N
C2426,Customer2426,F
C2427,Customer2427,F
C2428,Customer2428,B
C2429,Customer2429,T
C2430,Customer2430,D
C2431,Customer2431,B
C2432,Customer2432,F
C2433,Customer2433,F
C2434,Customer2434,O
C2435,Customer2435,N
C2436,Customer2436,B
C2437,Customer2437,E
C2438,Customer2438,T
C2439,Customer2439,H
C2440,Customer2440,J
C2441,Customer2441,P
C2442,Customer2442,T
C2443,Customer2443,F
C2444,Customer2444,T
C2445,Customer2445,E
C2446,Customer2446,L
