Item_ID,Item_name
I001,Item001
I002,Item002
I003,Item003
I004,Item004
I005,Item005
I006,Item006
I007,Item007
I008,Item008
I009,Item009
I010,Item010
I011,Item011
I012,Item012
I013,Item013
I014,Item014
I015,Item015
I016,Item016
I017,Item017
I018,Item018
I019,Item019
I020,Item020
I021,Item021
I022,Item022
I023,Item023
I024,Item024
I025,Item025
I026,Item026
I027,Item027
I028,Item028
I029,Item029
I030,Item030
I031,Item031
I032,Item032
I033,Item033
I034,Item034
I035,Item035
I036,Item036
I037,Item037
I038,Item038
I039,Item039
I040,Item040
I041,Item041
I042,Item042
I043,Item043
I044,Item044
I045,Item045
I046,Item046
I047,Item047
I048,Item048
I049,Item049
I050,Item050
I051,Item051
I052,Item052
I053,Item053
I054,Item054
I055,Item055
I056,Item056
I057,Item057
I058,Item058
I059,Item059
I060,Item060
I061,Item061
I062,Item062
I063,Item063
I064,Item064
I065,Item065
I066,Item066
I067,Item067
I068,Item068
I069,Item069
I070,Item070
I071,Item071
I072,Item072
I073,Item073
I074,Item074
I075,Item075
I076,Item076
I077,Item077
I078,Item078
I079,Item079
I080,Item080
I081,Item081
I082,Item082
I083,Item083
I084,Item084
I085,Item085
I086,Item086
I087,Item087
I088,Item088
I089,Item089
I090,Item090
I091,Item091
I092,Item092
I093,Item093
I094,Item094
I095,Item095
I096,Item096
I097,Item097
I098,Item098
I099,Item099
I100,Item100
I101,Item101
I102,Item102
I103,Item103
I104,Item104
I105,Item105
I106,Item106
I107,Item107
I108,Item108
I109,Item109
I110,Item110
I111,Item111
I112,Item112
I113,Item113
I114,Item114
I115,Item115
I116,Item116
I117,Item117
I118,Item118
I119,Item119
I120,Item120
I121,Item121
I122,Item122
I123,Item123
I124,Item124
I125,Item125
I126,Item126
I127,Item127
I128,Item128
I129,Item129
I130,Item130
I131,Item131
I132,Item132
I133,Item133
I134,Item134
I135,Item135
I136,Item136
I137,Item137
I138,Item138
I139,Item139
I140,Item140
I141,Item141
I142,Item142
I143,Item143
I144,Item144
I145,Item145
I146,Item146
I147,Item147
I148,Item148
I149,Item149
I150,Item150
I151,Item151
I152,Item152
I153,Item153
I154,Item154
I155,Item155
I156,Item156
I157,Item157
I158,Item158
I159,Item159
I160,Item160
I161,Item161
I162,Item162
I163,Item163
I164,Item164
I165,Item165
I166,Item166
I167,Item167
I168,Item168
I169,Item169
I170,Item170
I171,Item171
I172,Item172
I173,Item173
I174,Item174
I175,Item175
I176,Item176
I177,Item177
I178,Item178
I179,Item179
I180,Item180
I181,Item181
I182,Item182
I183,Item183
I184,Item184
I185,Item185
I186,Item186
I187,Item187
I188,Item188
I189,Item189
I190,Item190
I191,Item191
I192,Item192
I193,Item193
I194,Item194
I195,Item195
I196,Item196
I197,Item197
I198,Item198
I199,Item199
I200,Item200
I201,Item201
I202,Item202
I203,Item203
I204,Item204
I205,Item205
I206,Item206
I207,Item207
I208,Item208
I209,Item209
I210,Item210
I211,Item211
I212,Item212
I213,Item213
I214,Item214
I215,Item215
I216,Item216
I217,Item217
I218,Item218
I219,Item219
I220,Item220
I221,Item221
I222,Item222
I223,Item223
I224,Item224
I225,Item225
I226,Item226
I227,Item227
I228,Item228
I229,Item229
I230,Item230
I231,Item231
I232,Item232
I233,Item233
I234,Item234
I235,Item235
I236,Item236
I237,Item237
I238,Item238
I239,Item239
I240,Item240
I241,Item241
I242,Item242
I243,Item243
I244,Item244
I245,Item245
I246,Item246
I247,Item247
I248,Item248
I249,Item249
I250,Item250
I251,Item251
I252,Item252
I253,Item253
I254,Item254
I255,Item255
I256,Item256
I257,Item257
I258,Item258
I259,Item259
I260,Item260
I261,Item261
I262,Item262
I263,Item263
I264,Item264
I265,Item265
I266,Item266
I267,Item267
I268,Item268
I269,Item269
I270,Item270
I271,Item271
I272,Item272
I273,Item273
I274,Item274
I275,Item275
I276,Item276
I277,Item277
I278,Item278
I279,Item279
I280,Item280
I281,Item281
I282,Item282
I283,Item283
I284,Item284
I285,Item285
I286,Item286
I287,Item287
I288,Item288
I289,Item289
I290,Item290
I291,Item291
I292,Item292
I293,Item293
I294,Item294
I295,Item295
I296,Item296
I297,Item297
I298,Item298
I299,Item299
I300,Item300
I301,Item301
I302,Item302
I303,Item303
I304,Item304
I305,Item305
I306,Item306
I307,Item307
I308,Item308
I309,Item309
I310,Item310
I311,Item311
I312,Item312
I313,Item313
I314,Item314
I315,Item315
I316,Item316
I317,Item317
I318,Item318
I319,Item319
I320,Item320
I321,Item321
I322,Item322
I323,Item323
I324,Item324
I325,Item325
I326,Item326
I327,Item327
I328,Item328
I329,Item329
I330,Item330
I331,Item331
I332,Item332
I333,Item333
I334,Item334
I335,Item335
I336,Item336
I337,Item337
I338,Item338
I339,Item339
I340,Item340
I341,Item341
I342,Item342
I343,Item343
I344,Item344
I345,Item345
I346,Item346
I347,Item347
I348,Item348
I349,Item349
I350,Item350
I351,Item351
I352,Item352
I353,Item353
I354,Item354
I355,Item355
I356,Item356
I357,Item357
I358,Item358
I359,Item359
I360,Item360
I361,Item361
I362,Item362
I363,Item363
I364,Item364
I365,Item365
I366,Item366
I367,Item367
I368,Item368
I369,Item369
I370,Item370
I371,Item371
I372,Item372
I373,Item373
I374,Item374
I375,Item375
I376,Item376
I377,Item377
I378,Item378
I379,Item379
I380,Item380
I381,Item381
I382,Item382
I383,Item383
I384,Item384
I385,Item385
I386,Item386
I387,Item387
I388,Item388
I389,Item389
I390,Item390
I391,Item391
I392,Item392
I393,Item393
I394,Item394
I395,Item395
I396,Item396
I397,Item397
I398,Item398
I399,Item399
I400,Item400
I401,Item401
I402,Item402
I403,Item403
I404,Item404
I405,Item405
I406,Item406
I407,Item407
I408,Item408
I409,Item409
I410,Item410
I411,Item411
I412,Item412
I413,Item413
I414,Item414
I415,Item415
I416,Item416
I417,Item417
I418,Item418
I419,Item419
I420,Item420
I421,Item421
I422,Item422
I423,Item423
I424,Item424
I425,Item425
I426,Item426
I427,Item427
I428,Item428
I429,Item429
I430,Item430
I431,Item431
I432,Item432
I433,Item433
I434,Item434
I435,Item435
I436,Item436
I437,Item437
I438,Item438
I439,Item439
I440,Item440
I441,Item441
I442,Item442
I443,Item443
I444,Item444
I445,Item445
I446,Item446
I447,Item447
I448,Item448
I449,Item449
I450,Item450
I451,Item451
I452,Item452
I453,Item453
I454,Item454
I455,Item455
I456,Item456
I457,Item457
I458,Item458
I459,Item459
I460,Item460
I461,Item461
I462,Item462
I463,Item463
I464,Item464
I465,Item465
I466,Item466
I467,Item467
I468,Item468
I469,Item469
I470,Item470
I471,Item471
I472,Item472
I473,Item473
I474,Item474
I475,Item475
I476,Item476
I477,Item477
I478,Item478
I479,Item479
I480,Item480
I481,Item481
I482,Item482
I483,Item483
I484,Item484
I485,Item485
I486,Item486
I487,Item487
I488,Item488
I489,Item489
I490,Item490
I491,Item491
I492,Item492
I493,Item493
I494,Item494
I495,Item495
I496,Item496
I497,Item497
I498,Item498
I499,Item499
I500,Item500
